epoch,train_total_loss,train_enhancement_loss,train_classification_loss,train_sisdr_loss,val_total_loss,val_enhancement_loss,val_classification_loss,val_accuracy,learning_rate,epoch_time_s,is_best,sample_0_hash
1,-0.454792,-0.565171,1.103793,-3.278415,-0.882885,-0.992161,1.092763,0.3932,0.001,19.05,True,d5d7bd60a741
2,-2.093916,-2.203874,1.099574,-8.598502,-0.92723,-1.036986,1.097561,0.3252,0.001,18.42,True,348d8c6e7b22
3,-2.294877,-2.404561,1.096844,-9.180307,-0.20584,-0.315245,1.094047,0.3835,0.001,18.14,False,03b28059b592
4,-2.623587,-2.733055,1.094686,-10.178396,-1.264284,-1.373936,1.096521,0.3835,0.001,17.81,True,9637ee8b8357
5,-2.568661,-2.677819,1.091578,-9.977551,3.802456,3.691389,1.110673,0.2913,0.001,16.82,False,363a38ac262d
6,-2.648154,-2.756796,1.08642,-10.208786,0.89638,0.786521,1.09859,0.3058,0.001,17.33,False,749879b86575
7,-2.819243,-2.927182,1.079389,-10.733353,7.884458,7.773573,1.108851,0.2621,0.001,17.41,False,213956549587
8,-2.824336,-2.932244,1.079081,-10.744324,-0.117112,-0.226628,1.095162,0.3398,0.0005,19.3,False,1e695d807eed
9,-2.902068,-3.009275,1.072074,-10.985174,0.642038,0.532119,1.099186,0.3447,0.0005,24.84,False,154268d7cb72
10,-2.887132,-2.994503,1.073707,-10.95387,-0.099445,-0.208777,1.093318,0.3981,0.0005,23.46,False,27fddbcc1ba4
11,-2.897166,-3.002428,1.052622,-10.939576,-0.118354,-0.228207,1.098525,0.3786,0.0005,22.91,False,394523f05e95
12,-2.92044,-3.026473,1.060335,-11.014594,-1.254686,-1.369284,1.145971,0.3883,0.00025,22.4,False,9489cff7c9a7
13,-2.955166,-3.060344,1.051777,-11.140203,-1.042603,-1.152605,1.100029,0.3738,0.00025,24.3,False,2cbc5daa4444
14,-3.045128,-3.150597,1.054687,-11.417151,-1.992724,-2.101025,1.083004,0.4709,0.00025,22.79,True,86d860330d69
15,-3.120238,-3.225538,1.052997,-11.661462,-1.419978,-1.529757,1.097786,0.3738,0.00025,22.47,False,7738827d3529
16,-2.963771,-3.069357,1.055862,-11.148807,-1.89221,-2.000059,1.078494,0.3981,0.00025,23.65,False,59e1f5c9ec5c
17,-3.020195,-3.127683,1.074879,-11.337395,-2.049537,-2.157223,1.076859,0.4563,0.00025,23.03,True,5c4f2869c02a
18,-3.176571,-3.282177,1.05606,-11.856221,-2.064064,-2.172099,1.08035,0.4175,0.00025,23.84,True,78b0b6b12b82
19,-3.076692,-3.18231,1.056172,-11.512304,-1.900796,-2.009247,1.08451,0.4029,0.00025,22.51,False,ac26a8a95c0e
20,-3.059332,-3.164015,1.046824,-11.455556,-1.794278,-1.903494,1.092154,0.3981,0.00025,23.84,False,e4b0c6e5cbf8
21,-3.00975,-3.113241,1.034915,-11.303513,-1.398609,-1.508135,1.095266,0.3932,0.00025,22.85,False,2611229f79e3
22,-2.884758,-2.989119,1.043619,-10.901344,-1.846998,-1.956345,1.093469,0.4612,0.000125,23.26,False,c9bdd2811d9a
23,-3.176909,-3.281923,1.050146,-11.855354,-1.829653,-1.938862,1.092098,0.3932,0.000125,22.73,False,3b4149067083
24,-3.207007,-3.312243,1.052361,-11.927653,-2.236737,-2.343342,1.066048,0.4417,0.000125,24.19,True,d8e26b31fdf7
25,-3.051369,-3.156918,1.055487,-11.433249,-1.867859,-1.976953,1.090935,0.4223,0.000125,24.19,False,580a3b0d9168
26,-2.97847,-3.084535,1.060651,-11.21734,-2.197893,-2.3051,1.072077,0.4369,0.000125,22.77,False,37f94bbcaa46
27,-3.066729,-3.172105,1.053763,-11.487899,-2.237016,-2.344171,1.071551,0.4175,0.000125,25.39,True,db78b0b678e1
28,-3.178166,-3.283936,1.057702,-11.842198,-2.006849,-2.115556,1.087068,0.3981,0.000125,25.47,False,674d59ab48a3
29,-3.229911,-3.335578,1.056673,-12.028405,-2.097745,-2.206138,1.083934,0.4223,0.000125,33.13,False,0af0f452bc36
30,-3.143122,-3.246818,1.036963,-11.731303,-2.226739,-2.333907,1.071687,0.4078,0.000125,29.13,False,67f9e6045c2a
31,-3.168055,-3.27194,1.038849,-11.800365,-2.162384,-2.270226,1.07842,0.4029,6.25e-05,25.67,False,9d616ccc1d6b
32,-3.133061,-3.23707,1.040088,-11.695413,-2.270501,-2.377178,1.066772,0.4369,6.25e-05,28.24,True,4d64e2999f10
33,-3.215248,-3.318197,1.029486,-11.958075,-2.275894,-2.383482,1.075888,0.4223,6.25e-05,25.58,True,bf20ab002e6d
34,-3.271352,-3.377537,1.061856,-12.139479,-2.289877,-2.396641,1.067642,0.4466,6.25e-05,24.95,True,4907fd109734
35,-3.094349,-3.199265,1.049156,-11.571133,-2.285481,-2.39229,1.068086,0.4272,6.25e-05,26.26,False,8ff899f794f7
36,-3.163217,-3.266824,1.036065,-11.784497,-2.290101,-2.397295,1.071937,0.4223,6.25e-05,24.3,True,402f26e81b1c
37,-3.094986,-3.20001,1.05024,-11.569261,-2.295399,-2.40186,1.064609,0.4466,6.25e-05,22.34,True,3b402a7ef5c2
38,-3.221315,-3.325628,1.043128,-11.973898,-2.274305,-2.380868,1.065633,0.4369,6.25e-05,20.81,False,b04f41fce74d
39,-3.233878,-3.338917,1.050393,-12.020294,-2.284598,-2.391776,1.071786,0.432,6.25e-05,25.9,False,09ffd80aaca0
40,-3.192039,-3.297005,1.049655,-11.902559,-2.292567,-2.398874,1.063074,0.4515,6.25e-05,27.11,False,51ab401b4a6b
41,-3.176288,-3.280032,1.037442,-11.835925,-2.299673,-2.406321,1.066477,0.4369,6.25e-05,18.34,True,c7663cf00610
42,-3.278841,-3.382527,1.03686,-12.148939,-2.288834,-2.39596,1.07126,0.4466,6.25e-05,17.4,False,016120445e8e
43,-3.116334,-3.21868,1.02346,-11.631754,-2.293734,-2.400381,1.066474,0.432,6.25e-05,16.47,False,4946a3ae3e49
44,-3.223975,-3.328369,1.043935,-11.976971,-2.19611,-2.304238,1.081279,0.4369,6.25e-05,18.34,False,d7089ef0af78
45,-3.109449,-3.214277,1.048282,-11.604841,-2.311276,-2.417851,1.065744,0.432,6.25e-05,21.44,True,d5414fb62ed9
46,-3.297796,-3.402042,1.042464,-12.214658,-2.274792,-2.38103,1.062375,0.4563,6.25e-05,23.21,False,e2140b10589e
47,-3.306512,-3.411009,1.04497,-12.244361,-2.330874,-2.437012,1.061379,0.4466,6.25e-05,22.78,True,6d0425cc0334
48,-3.212401,-3.315433,1.03032,-11.93493,-2.293502,-2.400734,1.07232,0.4466,6.25e-05,21.51,False,d70949df4480
49,-3.150829,-3.254666,1.038373,-11.73964,-2.229912,-2.337703,1.077913,0.4272,6.25e-05,23.18,False,9a93e1bca882
50,-3.245702,-3.349192,1.034904,-12.04162,-2.310633,-2.417737,1.071042,0.432,6.25e-05,25.65,False,b3a9c87bd188
51,-3.294467,-3.398355,1.038881,-12.210907,-2.049038,-2.157508,1.084691,0.4272,3.125e-05,29.15,False,9253b693d2c8
52,-3.301724,-3.405562,1.038384,-12.217855,-2.340093,-2.44674,1.066468,0.432,3.125e-05,29.41,True,effde8dbfcfe
53,-3.249039,-3.351905,1.028655,-12.044761,-2.307498,-2.414579,1.070817,0.4223,3.125e-05,29.69,False,be99be3fbc8e
54,-3.354787,-3.456276,1.014891,-12.391718,-2.3425,-2.449072,1.06572,0.4369,3.125e-05,30.84,True,d4398889d1d6
55,-3.255698,-3.358219,1.025209,-12.089664,-2.333727,-2.44043,1.067026,0.4223,3.125e-05,28.95,False,6ebf2ff7e3ee
56,-3.163906,-3.266736,1.028299,-11.771866,-2.336182,-2.442644,1.064624,0.4417,3.125e-05,28.82,False,10fe612be818
57,-3.203054,-3.306248,1.031943,-11.906631,-2.289523,-2.396954,1.074309,0.4417,3.125e-05,24.17,False,959b723c64d5
58,-3.128179,-3.231893,1.037134,-11.664369,-2.291106,-2.398532,1.074262,0.4466,1.5625e-05,22.71,False,9317d0b6d3ec
59,-3.07743,-3.180053,1.026226,-11.504833,-2.347816,-2.454362,1.065461,0.4369,1.5625e-05,24.76,True,359eaa0b96a5
60,-3.259708,-3.363472,1.037637,-12.098704,-2.326815,-2.433565,1.067506,0.4369,1.5625e-05,24.06,False,c7e3302d2e30
61,-3.220033,-3.322767,1.027342,-11.957481,-2.351037,-2.457452,1.06415,0.4223,1.5625e-05,27.49,True,af02e9f43849
62,-3.23562,-3.338988,1.033683,-12.008216,-2.350857,-2.457308,1.064508,0.4272,1.5625e-05,28.03,False,d81e2dd319e1
63,-3.266617,-3.369622,1.030047,-12.114021,-2.327837,-2.434704,1.068668,0.432,1.5625e-05,24.41,False,db21f02178c8
64,-3.277116,-3.38066,1.035446,-12.140308,-2.349007,-2.455469,1.06462,0.432,1.5625e-05,24.62,False,5bed374977f9
65,-3.228523,-3.3321,1.035765,-11.984064,-2.341977,-2.448441,1.064636,0.4272,1.5625e-05,24.29,False,f4391675269c
66,-3.181386,-3.28564,1.042542,-11.838921,-2.336916,-2.443698,1.067825,0.4369,7.8125e-06,24.41,False,03745e32f057
67,-3.192259,-3.296062,1.038029,-11.876454,-2.354487,-2.460898,1.06411,0.4466,7.8125e-06,22.69,True,d49d23deafb9
68,-3.197512,-3.301556,1.040446,-11.90033,-2.358195,-2.464338,1.061429,0.4515,7.8125e-06,23.15,True,2d047a15fd66
69,-3.295642,-3.398431,1.027895,-12.206645,-2.352207,-2.458679,1.06472,0.4272,7.8125e-06,22.68,False,0667417db822
70,-3.295851,-3.400165,1.043147,-12.212137,-2.350739,-2.457291,1.065523,0.432,7.8125e-06,22.98,False,228cfe2c1db6
71,-3.339518,-3.443589,1.040703,-12.361357,-2.346006,-2.452499,1.064926,0.4272,7.8125e-06,22.27,False,e83429dcd367
72,-3.10903,-3.212178,1.031488,-11.604727,-2.341585,-2.448233,1.066486,0.432,3.90625e-06,25.75,False,f7b980db3a10
73,-3.283662,-3.387133,1.034708,-12.167779,-2.351083,-2.457574,1.064915,0.4466,3.90625e-06,26.27,False,d66519592f9c
74,-3.149707,-3.252997,1.032908,-11.724133,-2.344841,-2.451329,1.064877,0.432,3.90625e-06,22.83,False,4e3f5c2549c3
75,-3.276663,-3.378171,1.015075,-12.148275,-2.349727,-2.456177,1.064501,0.4369,3.90625e-06,26.9,False,8e1f849fcbc4
76,-3.216398,-3.318879,1.024814,-11.953763,-2.334244,-2.440773,1.065289,0.4223,1.953125e-06,26.78,False,730cb609c9ce
77,-3.19608,-3.301108,1.05028,-11.88382,-2.348634,-2.455017,1.063824,0.4369,1.953125e-06,31.7,False,f20a834bbee5
78,-3.102112,-3.206094,1.03982,-11.577338,-2.348911,-2.455286,1.063749,0.432,1.953125e-06,27.63,False,64f4e5d9d913
79,-3.233885,-3.336439,1.025539,-12.009189,-2.35034,-2.456773,1.064326,0.432,1.953125e-06,27.11,False,135e29343afe
80,-3.281693,-3.385541,1.038477,-12.164374,-2.344413,-2.450904,1.064916,0.432,1e-06,23.37,False,99cafcdc146f
81,-3.111495,-3.213394,1.01899,-11.597822,-2.356855,-2.463196,1.063407,0.4417,1e-06,28.64,False,79317849f2de
82,-3.374344,-3.479259,1.049143,-12.460962,-2.334821,-2.441433,1.066117,0.4369,1e-06,25.62,False,7965895fe49c
83,-3.112619,-3.216843,1.042242,-11.62524,-2.346774,-2.453297,1.065235,0.432,1e-06,25.42,False,b90d45e13271
84,-3.219771,-3.323226,1.034556,-11.964986,-2.351954,-2.45839,1.064359,0.4369,1e-06,24.69,False,94c8e8c18266
85,-3.183027,-3.286464,1.034371,-11.838222,-2.353582,-2.460038,1.06456,0.432,1e-06,25.34,False,7a5e9a983e9e
86,-3.431326,-3.534087,1.02761,-12.652754,-2.355218,-2.461653,1.064351,0.432,1e-06,23.96,False,a746e97cdd75
87,-3.318053,-3.421873,1.038199,-12.281662,-2.34796,-2.454456,1.064956,0.4175,1e-06,21.89,False,caba21fb5682
88,-3.353559,-3.45757,1.040109,-12.407512,-2.339922,-2.446563,1.066416,0.4223,1e-06,21.85,False,18c90776c7d9
89,-3.242835,-3.345952,1.031172,-12.044074,-2.349698,-2.456128,1.064296,0.432,1e-06,26.76,False,3b3e2fbde51d
90,-3.244975,-3.348195,1.032207,-12.047796,-2.352982,-2.459458,1.064763,0.432,1e-06,23.23,False,1032489f9793
91,-3.241619,-3.343957,1.02338,-12.023895,-2.352867,-2.459366,1.064988,0.4369,1e-06,23.09,False,4a651801d004
92,-3.164749,-3.270204,1.054551,-11.796744,-2.338086,-2.444733,1.066471,0.4272,1e-06,23.85,False,7934887e20dc
93,-3.068047,-3.170196,1.021498,-11.470129,-2.347443,-2.453994,1.065508,0.432,1e-06,23.82,False,447337043200
94,-3.07324,-3.176637,1.033969,-11.512131,-2.339694,-2.446375,1.066812,0.4223,1e-06,22.05,False,14435fe05c3e
95,-3.116436,-3.218853,1.024164,-11.620517,-2.338265,-2.444904,1.066389,0.4272,1e-06,25.8,False,ed682624cb05
96,-3.256956,-3.361027,1.040705,-12.089792,-2.339027,-2.4456,1.065733,0.4272,1e-06,29.44,False,c2b70f53b005
97,-3.144732,-3.247517,1.027843,-11.728253,-2.339235,-2.445761,1.065257,0.4272,1e-06,26.8,False,084ac643272a
98,-3.155095,-3.258522,1.034276,-11.748406,-2.347324,-2.453759,1.064346,0.4417,1e-06,33.52,False,e55ca0fc0b76
99,-3.213505,-3.316839,1.033348,-11.949988,-2.323728,-2.430388,1.066594,0.4272,1e-06,31.38,False,f5d11a71d98b
100,-3.105407,-3.208428,1.03021,-11.578374,-2.333787,-2.440385,1.065988,0.4369,1e-06,31.77,False,c8aa2298580c
